MODEL,PRED_DOCKQ
fold_8f8x_1_model_1,0.84683466
fold_8f8x_5_model_4,0.8201336
fold_8f8x_3_model_1,0.78300595
fold_8f8x_4_model_2,0.731971
fold_8f8x_4_model_0,0.721001
fold_8f8x_2_model_2,0.6936576
fold_8f8x_5_model_3,0.6250299
fold_8f8x_1_model_0,0.59657836
fold_8f8x_1_model_4,0.55090934
fold_8f8x_1_model_2,0.5475419
fold_8f8x_2_model_4,0.48169523
fold_8f8x_2_model_3,0.44469833
fold_8f8x_4_model_1,0.39895996
fold_8f8x_3_model_3,0.32233754
fold_8f8x_3_model_0,0.31530365
fold_8f8x_5_model_2,0.24437107
fold_8f8x_1_model_3,0.18162957
fold_8f8x_4_model_3,0.15495318
fold_8f8x_3_model_2,0.147563
fold_8f8x_5_model_1,0.13880405
fold_8f8x_5_model_0,0.12484061
fold_8f8x_2_model_1,0.057998024
fold_8f8x_2_model_0,0.052715153
fold_8f8x_3_model_4,0.039234973
fold_8f8x_4_model_4,0.037993982
